{
  "confidence_trend": 0.0019394033484988718,
  "most_effective_principles": [
    [
      "maintain_transparency",
      0.5134883910417557
    ],
    [
      "respect_autonomy",
      0.509129011631012
    ],
    [
      "maximize_benefit",
      0.5072408944368363
    ]
  ],
  "adaptation_metrics": {
    "current_rate": 0.0,
    "uncertainty_awareness": 0.0
  },
  "principle_effectiveness": {
    "maximize_benefit": [
      0.4973207712173462,
      0.4798049330711365,
      0.5347797870635986,
      0.4997641444206238,
      0.526566207408905,
      0.48034319281578064,
      0.5150079727172852,
      0.4702562689781189,
      0.5410769581794739,
      0.5274887084960938
    ],
    "prevent_harm": [
      0.4717462658882141,
      0.4804486334323883,
      0.5193915963172913,
      0.5070931911468506,
      0.5171823501586914,
      0.4742003381252289,
      0.4774232804775238,
      0.4509758949279785,
      0.5337841510772705,
      0.45665037631988525
    ],
    "respect_autonomy": [
      0.5471413135528564,
      0.4517800807952881,
      0.4799647629261017,
      0.5037499070167542,
      0.5132371187210083,
      0.5477040410041809,
      0.559654951095581,
      0.4656450152397156,
      0.4820464551448822,
      0.5403664708137512
    ],
    "ensure_fairness": [
      0.4624101221561432,
      0.48817574977874756,
      0.4917809069156647,
      0.48347142338752747,
      0.5885014533996582,
      0.49141186475753784,
      0.482835590839386,
      0.4699553847312927,
      0.5299116969108582,
      0.4774404764175415
    ],
    "maintain_transparency": [
      0.4935261309146881,
      0.4730963706970215,
      0.5165165066719055,
      0.5089774131774902,
      0.4679180383682251,
      0.5603392720222473,
      0.5316788554191589,
      0.5167902112007141,
      0.5125358700752258,
      0.5535052418708801
    ],
    "ensure_accountability": [
      0.4691248834133148,
      0.5044938325881958,
      0.45253950357437134,
      0.49971288442611694,
      0.4929749667644501,
      0.5205892324447632,
      0.48474353551864624,
      0.48576608300209045,
      0.5304551124572754,
      0.5032039880752563
    ],
    "protect_privacy": [
      0.4347607493400574,
      0.5169990062713623,
      0.44196030497550964,
      0.4963075518608093,
      0.4383624792098999,
      0.5426691770553589,
      0.6217911839485168,
      0.529223620891571,
      0.44068074226379395,
      0.5390834212303162
    ],
    "environmental_responsibility": [
      0.494037926197052,
      0.5328908562660217,
      0.4466400742530823,
      0.5428102612495422,
      0.5427961945533752,
      0.4747993052005768,
      0.5571298599243164,
      0.433571457862854,
      0.5291067957878113,
      0.47181111574172974
    ]
  },
  "recent_lessons": []
}